Sensor1,Sensor2,Sensor3,Sensor4,FertilizerConverted
1011,804,465,367,Yes
649,90,920,846,Yes
973,602,892,376,Yes
815,742,695,378,Yes
372,782,771,552,Yes
849,723,219,336,Yes
162,716,995,941,Yes
778,89,723,33,Yes
884,889,87,397,Yes
920,79,840,615,Yes
1022,798,658,18,Yes
413,720,161,862,Yes
969,835,156,528,Yes
977,953,581,883,Yes
753,536,61,848,Yes
768,616,916,418,Yes
1002,863,350,475,Yes
860,875,417,490,Yes
794,858,531,496,Yes
501,951,512,746,Yes
77,819,471,776,Yes
432,828,52,1019,Yes
448,992,609,758,Yes
316,972,269,991,Yes
301,834,353,767,Yes
1012,452,998,509,Yes
429,577,836,807,Yes
274,867,534,1008,Yes
556,934,761,637,Yes
599,765,912,322,Yes
295,909,899,535,Yes
824,379,791,487,Yes
674,968,663,739,Yes
453,300,999,806,Yes
789,360,723,348,Yes
725,443,970,207,Yes
718,973,222,698,Yes
889,830,668,604,Yes
952,782,760,746,Yes
902,451,881,996,Yes
334,1001,448,897,Yes
71,827,539,938,Yes
972,807,1020,114,Yes
576,741,769,919,Yes
849,563,456,895,Yes
501,64,813,836,Yes
5,995,765,552,Yes
916,281,313,920,Yes
976,732,322,400,Yes
1015,152,971,838,Yes
1016,773,156,345,Yes
87,971,721,591,Yes
920,792,637,206,Yes
752,25,990,243,Yes
717,1018,369,634,Yes
727,335,494,764,Yes
572,950,804,648,Yes
870,431,199,767,Yes
911,802,829,696,Yes
952,734,893,902,Yes
675,365,1023,935,Yes
978,293,615,1003,Yes
45,874,555,825,Yes
491,984,915,1022,Yes
398,835,189,892,Yes
359,766,764,654,Yes
296,517,784,732,Yes
70,972,1000,724,Yes
818,568,899,599,Yes
762,779,156,85,Yes
174,814,772,799,Yes
657,215,729,923,Yes
881,704,328,915,Yes
811,837,550,327,Yes
992,382,587,738,Yes
924,825,533,399,Yes
312,967,841,678,Yes
798,941,868,158,Yes
751,78,699,854,Yes
853,451,668,780,Yes
974,131,1020,569,Yes
802,866,782,972,Yes
924,842,1017,949,Yes
827,787,401,507,Yes
759,473,782,407,Yes
745,1001,51,439,Yes
875,673,114,784,Yes
758,64,684,839,Yes
894,433,855,732,Yes
736,889,163,944,Yes
558,999,949,807,Yes
470,776,726,854,Yes
816,733,527,719,Yes
80,905,124,956,Yes
833,735,424,912,Yes
936,768,982,6,Yes
961,670,514,779,Yes
772,320,674,1006,Yes
820,774,633,537,Yes
158,994,197,787,Yes
660,722,822,107,Yes
1002,873,346,882,Yes
721,162,1016,613,Yes
499,843,158,787,Yes
959,520,566,984,Yes
493,1003,1000,892,Yes
902,844,43,195,Yes
954,652,839,662,Yes
529,705,726,1023,Yes
602,720,870,1001,Yes
55,720,958,607,Yes
781,893,944,538,Yes
913,100,817,804,Yes
841,273,593,864,Yes
640,933,806,569,Yes
747,918,674,265,Yes
877,462,872,20,Yes
860,572,798,636,Yes
890,890,449,529,Yes
850,470,325,909,Yes
990,973,727,671,Yes
885,754,144,732,Yes
889,26,955,965,Yes
467,1018,193,975,Yes
990,748,387,776,Yes
194,849,203,816,Yes
745,6,258,885,Yes
812,71,456,766,Yes
687,902,848,458,Yes
1017,337,882,306,Yes
866,738,680,581,Yes
464,739,756,59,Yes
557,783,952,306,Yes
860,776,521,424,Yes
866,807,297,632,Yes
92,53,902,837,Yes
610,288,804,893,Yes
813,836,778,514,Yes
916,1015,728,633,Yes
106,308,975,896,Yes
395,737,128,842,Yes
884,343,725,958,Yes
774,210,889,324,Yes
992,14,925,546,Yes
506,614,789,935,Yes
899,857,272,429,Yes
151,346,776,778,Yes
814,915,993,213,Yes
863,689,968,261,Yes
849,353,921,888,Yes
979,1004,97,536,Yes
91,1021,618,742,Yes
728,918,450,969,Yes
844,772,923,903,Yes
899,633,252,823,Yes
140,937,819,961,Yes
754,756,654,348,Yes
957,767,453,325,Yes
797,831,858,351,Yes
111,248,929,977,Yes
888,756,801,692,Yes
1017,792,119,677,Yes
844,435,918,786,Yes
786,238,345,999,Yes
990,563,842,268,Yes
300,235,950,1000,Yes
580,721,367,1004,Yes
935,552,767,657,Yes
180,824,174,823,Yes
814,803,986,290,Yes
96,594,980,839,Yes
766,291,906,797,Yes
931,444,932,84,Yes
729,971,984,687,Yes
960,72,360,1017,Yes
476,851,93,890,Yes
410,839,79,750,Yes
674,110,955,870,Yes
417,145,966,903,Yes
475,1021,140,752,Yes
1022,129,529,887,Yes
48,650,954,811,Yes
996,152,884,93,Yes
453,212,911,845,Yes
960,1002,873,28,Yes
918,415,819,109,Yes
792,678,998,250,Yes
22,297,969,990,Yes
132,783,617,813,Yes
867,69,691,960,Yes
919,48,921,136,Yes
915,905,517,303,Yes
902,905,341,491,Yes
751,485,416,728,Yes
941,474,824,974,Yes
552,206,863,998,Yes
318,843,770,466,Yes
439,949,881,559,Yes
970,947,287,16,Yes
343,805,833,31,Yes
864,785,637,346,Yes
998,754,997,30,Yes
94,782,935,313,Yes
924,803,810,367,Yes
473,905,119,922,Yes
77,793,793,559,Yes
846,902,284,232,Yes
237,837,999,816,Yes
197,874,889,104,Yes
110,143,854,763,Yes
242,759,758,340,Yes
94,730,134,761,Yes
398,734,91,748,Yes
470,816,569,942,Yes
894,347,643,843,Yes
655,793,719,521,Yes
423,924,905,362,Yes
585,786,904,183,Yes
942,513,98,717,Yes
47,864,4,832,Yes
12,748,429,749,Yes
650,120,910,845,Yes
877,723,992,40,Yes
931,72,731,82,Yes
498,800,823,229,Yes
973,918,771,388,Yes
324,116,825,861,Yes
967,983,635,165,Yes
998,552,558,901,Yes
989,589,811,734,Yes
434,498,1022,871,Yes
47,948,754,436,Yes
66,985,840,923,Yes
766,819,984,979,Yes
288,928,42,785,Yes
134,975,815,516,Yes
728,357,901,823,Yes
995,848,151,116,Yes
990,681,841,246,Yes
885,953,673,589,Yes
962,290,524,1012,Yes
820,47,229,890,Yes
399,994,810,25,Yes
505,999,974,417,Yes
311,284,886,831,Yes
758,292,796,403,Yes
924,925,641,607,Yes
764,391,813,766,Yes
429,565,895,950,Yes
1017,746,978,940,Yes
922,553,988,554,Yes
599,725,845,430,Yes
634,921,758,702,Yes
7,430,804,835,Yes
593,935,869,808,Yes
485,959,1018,192,Yes
790,915,293,1011,Yes
949,295,304,729,Yes
295,934,292,905,Yes
213,289,927,735,Yes
853,778,60,280,Yes
900,890,643,696,Yes
876,1016,0,498,Yes
448,468,877,751,Yes
852,1020,676,123,Yes
488,802,279,843,Yes
413,766,999,95,Yes
738,523,893,326,Yes
880,277,145,731,Yes
606,956,936,500,Yes
617,998,135,883,Yes
13,686,891,897,Yes
996,994,902,945,Yes
760,960,341,453,Yes
582,488,814,961,Yes
788,457,914,12,Yes
323,952,217,887,Yes
962,475,875,728,Yes
869,349,733,740,Yes
1011,338,911,432,Yes
766,82,793,468,Yes
638,962,27,789,Yes
783,388,994,841,Yes
837,891,139,795,Yes
455,1021,53,904,Yes
926,398,964,873,Yes
833,514,722,513,Yes
501,1009,997,221,Yes
479,758,234,721,Yes
751,837,782,781,Yes
117,918,740,410,Yes
915,618,817,812,Yes
913,759,737,451,Yes
179,1022,893,742,Yes
928,475,291,891,Yes
485,984,91,919,Yes
860,891,484,25,Yes
375,987,867,376,Yes
436,897,725,828,Yes
315,920,977,226,Yes
19,845,87,821,Yes
801,310,1017,754,Yes
192,917,104,1006,Yes
18,947,1009,860,Yes
107,260,728,721,Yes
887,960,140,403,Yes
828,898,104,258,Yes
997,431,896,465,Yes
868,231,587,754,Yes
486,815,445,998,Yes
934,1013,52,812,Yes
129,1006,509,855,Yes
895,873,744,409,Yes
783,901,342,848,Yes
119,996,581,863,Yes
992,740,1007,298,Yes
853,846,421,1022,Yes
538,767,29,977,Yes
615,720,160,980,Yes
276,258,872,991,Yes
913,452,925,303,Yes
1007,594,995,407,Yes
366,383,753,856,Yes
895,159,873,844,Yes
1019,879,600,984,Yes
606,810,783,197,Yes
309,935,640,742,Yes
194,904,699,720,Yes
793,250,332,887,Yes
224,922,809,997,Yes
704,180,756,883,Yes
471,756,22,827,Yes
239,805,793,610,Yes
323,258,853,858,Yes
706,910,848,450,Yes
920,980,531,76,Yes
535,844,405,790,Yes
854,749,76,36,Yes
326,909,801,221,Yes
184,957,634,836,Yes
950,812,597,421,Yes
355,189,1006,799,Yes
204,773,585,921,Yes
13,1002,880,499,Yes
829,882,546,60,Yes
148,729,410,928,Yes
986,807,918,620,Yes
341,856,660,739,Yes
434,747,971,271,Yes
753,989,700,566,Yes
985,1005,606,974,Yes
926,967,767,998,Yes
786,562,497,901,Yes
991,762,704,421,Yes
193,843,816,423,Yes
239,626,745,975,Yes
146,850,431,832,Yes
875,854,24,457,Yes
713,345,879,975,Yes
15,763,732,501,Yes
727,893,472,82,Yes
794,911,134,125,Yes
949,638,200,888,Yes
168,962,759,576,Yes
651,846,829,322,Yes
475,762,124,997,Yes
42,947,856,35,Yes
998,672,908,397,Yes
833,596,807,559,Yes
911,135,746,420,Yes
405,844,302,791,Yes
648,163,825,986,Yes
970,737,405,958,Yes
808,22,909,702,Yes
860,81,878,208,Yes
895,112,53,850,Yes
927,489,546,876,Yes
810,260,955,239,Yes
794,928,975,728,Yes
895,879,340,744,Yes
746,634,465,844,Yes
875,1001,580,965,Yes
742,975,295,653,Yes
735,69,703,978,Yes
249,954,402,881,Yes
637,939,316,743,Yes
718,449,722,845,Yes
788,551,916,288,Yes
112,977,939,595,Yes
313,298,1020,937,Yes
464,770,1002,190,Yes
862,838,514,801,Yes
833,539,870,177,Yes
858,995,2,1017,Yes
923,653,896,53,Yes
899,891,695,843,Yes
751,814,237,686,Yes
1009,545,199,841,Yes
777,452,332,823,Yes
623,21,751,822,Yes
770,787,11,205,Yes
801,228,71,1002,Yes
427,850,671,1021,Yes
254,497,840,890,Yes
733,238,915,981,Yes
324,20,955,833,Yes
620,934,967,13,Yes
611,771,849,884,Yes
214,773,736,517,Yes
797,980,800,893,Yes
803,13,979,611,Yes
790,228,177,966,Yes
194,869,330,900,Yes
19,800,982,722,Yes
87,735,93,866,Yes
827,243,673,928,Yes
817,686,703,788,Yes
355,894,713,1011,Yes
733,552,348,961,Yes
966,891,790,280,Yes
337,876,447,983,Yes
794,690,979,216,Yes
905,791,975,701,Yes
111,214,979,863,Yes
159,960,800,445,Yes
16,342,926,747,Yes
268,833,573,771,Yes
815,748,222,729,Yes
350,249,842,934,Yes
475,790,982,358,Yes
820,892,1000,168,Yes
763,220,961,411,Yes
865,91,964,442,Yes
960,486,954,292,Yes
360,798,909,883,Yes
896,550,1012,793,Yes
702,890,937,136,Yes
240,775,650,917,Yes
491,998,934,109,Yes
456,744,610,727,Yes
520,824,747,513,Yes
852,361,868,1002,Yes
30,995,390,818,Yes
317,555,782,985,Yes
28,495,731,766,Yes
947,367,512,817,Yes
312,792,801,623,Yes
990,691,855,902,Yes
896,892,413,310,Yes
540,862,608,816,Yes
591,903,931,476,Yes
968,456,370,780,Yes
951,847,190,599,Yes
768,474,844,552,Yes
778,1001,812,1009,Yes
879,703,1006,648,Yes
953,935,245,222,Yes
178,977,826,988,Yes
506,952,726,266,Yes
330,1005,855,622,Yes
403,847,790,253,Yes
942,531,920,662,Yes
927,70,870,155,Yes
41,996,633,798,Yes
1021,866,97,376,Yes
140,763,755,787,Yes
762,542,814,964,Yes
383,397,941,933,Yes
171,805,721,192,Yes
862,911,73,71,Yes
806,866,910,155,Yes
592,390,726,933,Yes
451,719,753,4,Yes
773,670,943,727,Yes
966,973,444,775,Yes
538,878,991,15,Yes
373,799,991,745,Yes
774,1014,655,789,Yes
839,15,766,175,Yes
357,393,947,939,Yes
699,876,793,675,Yes
966,306,813,730,Yes
58,828,14,754,Yes
597,77,1018,860,Yes
897,374,239,998,Yes
988,997,618,978,Yes
719,316,794,440,Yes
558,720,1011,343,Yes
825,787,175,23,Yes
637,800,718,171,Yes
769,341,879,719,Yes
993,596,208,753,Yes
1018,442,989,716,Yes
12,723,840,422,Yes
1012,488,613,951,Yes
194,51,962,830,Yes
357,739,269,1021,Yes
783,1004,409,930,Yes
508,766,992,561,Yes
886,659,245,929,Yes
792,863,693,498,Yes
735,202,968,981,Yes
856,86,1009,305,Yes
809,863,726,421,Yes
668,939,160,842,Yes
463,837,718,46,Yes
990,487,872,61,Yes
520,905,817,930,Yes
382,751,927,805,Yes
779,618,806,439,Yes
277,785,766,622,Yes
262,821,125,842,Yes
50,1003,921,244,Yes
798,288,925,682,Yes
257,574,961,795,Yes
181,888,877,103,Yes
226,757,783,597,Yes
975,824,295,83,Yes
816,832,618,692,Yes
27,905,827,446,Yes
793,631,997,728,Yes
476,1001,363,997,Yes
766,280,766,890,Yes
933,684,20,895,Yes
803,623,733,200,Yes
279,677,940,944,Yes
994,655,496,1023,Yes
948,439,963,869,Yes
572,944,944,991,Yes
912,987,855,50,Yes
203,526,969,730,Yes
794,980,631,1015,Yes
808,666,762,166,Yes
929,916,483,503,Yes
99,823,249,853,Yes
993,1006,851,458,Yes
1013,804,32,994,Yes
975,917,548,721,Yes
925,766,268,757,Yes
881,857,905,975,Yes
971,237,321,916,Yes
545,92,740,766,Yes
807,351,167,898,Yes
864,797,410,556,Yes
731,744,762,888,Yes
625,1,879,905,Yes
682,824,963,393,Yes
893,973,178,986,Yes
216,839,767,85,Yes
905,1014,1007,934,Yes
524,361,879,895,Yes
976,6,114,721,Yes
476,832,429,747,Yes
924,810,616,152,Yes
131,964,35,751,Yes
732,990,987,765,Yes
517,441,856,973,Yes
344,840,771,702,Yes
829,918,1005,223,Yes
755,827,437,795,Yes
836,746,167,527,Yes
986,860,57,385,Yes
166,636,735,935,Yes
766,784,657,245,Yes
984,886,701,450,Yes
98,938,896,718,Yes
932,271,576,911,Yes
997,612,59,1010,Yes
997,389,744,871,Yes
927,341,335,894,Yes
222,505,732,925,Yes
304,115,721,810,Yes
872,818,771,688,Yes
822,448,259,861,Yes
766,733,876,561,Yes
391,550,852,860,Yes
725,771,214,10,Yes
607,805,822,162,Yes
950,452,768,1008,Yes
215,628,1008,894,Yes
581,797,710,882,Yes
1004,724,995,499,Yes
454,831,937,542,Yes
878,865,311,98,Yes
887,525,913,471,Yes
905,741,432,537,Yes
1019,536,863,287,Yes
55,70,989,860,Yes
727,525,717,601,Yes
569,296,864,737,Yes
618,898,868,265,Yes
696,731,725,808,Yes
868,861,734,448,Yes
725,575,504,968,Yes
117,142,770,921,Yes
739,309,777,929,Yes
653,950,973,52,Yes
858,734,798,275,Yes
70,815,488,761,Yes
754,1,616,823,Yes
734,1004,771,555,Yes
101,1004,750,826,Yes
238,436,962,815,Yes
758,1004,217,34,Yes
751,397,997,572,Yes
650,530,1012,749,Yes
254,900,132,886,Yes
999,96,816,894,Yes
811,857,182,170,Yes
917,962,249,2,Yes
978,950,233,991,Yes
485,514,857,754,Yes
762,918,328,1007,Yes
389,740,918,488,Yes
955,67,734,500,Yes
592,892,970,12,Yes
355,979,876,120,Yes
857,997,300,628,Yes
940,841,429,578,Yes
812,154,65,850,Yes
364,233,865,866,Yes
714,111,896,1005,Yes
915,768,143,725,Yes
824,807,4,356,Yes
282,874,1013,943,Yes
891,535,981,628,Yes
843,236,545,913,Yes
901,9,774,58,Yes
49,937,780,749,Yes
322,882,771,598,Yes
575,259,808,732,Yes
957,112,820,738,Yes
88,1012,812,986,Yes
843,377,160,1019,Yes
806,177,372,1003,Yes
542,856,196,888,Yes
821,59,992,901,Yes
417,727,280,970,Yes
867,46,79,945,Yes
261,879,951,302,Yes
391,568,873,962,Yes
749,793,304,422,Yes
366,922,707,923,Yes
1018,20,1003,753,Yes
460,835,775,675,Yes
103,843,40,827,Yes
537,647,1022,874,Yes
1007,778,734,839,Yes
751,78,564,825,Yes
27,785,10,895,Yes
373,1020,797,930,Yes
760,396,724,193,Yes
777,155,730,195,Yes
941,42,970,946,Yes
408,353,1000,902,Yes
275,804,369,950,Yes
401,931,871,142,Yes
963,106,862,128,Yes
957,24,905,640,Yes
887,549,436,937,Yes
725,122,863,958,Yes
1001,816,975,938,Yes
892,353,189,1007,Yes
802,267,356,734,Yes
892,719,1007,543,Yes
381,276,799,958,Yes
503,767,736,256,Yes
278,264,999,796,Yes
740,295,918,118,Yes
942,680,826,573,Yes
869,422,86,831,Yes
930,769,242,892,Yes
360,957,997,847,Yes
854,728,104,783,Yes
93,870,20,720,Yes
50,832,834,213,Yes
19,719,404,979,Yes
1012,759,941,865,Yes
807,180,798,188,Yes
172,789,928,3,Yes
122,815,1008,116,Yes
954,1019,515,367,Yes
605,738,855,410,Yes
1010,982,433,807,Yes
1020,283,1018,674,Yes
962,613,144,964,Yes
376,835,816,969,Yes
748,721,504,145,Yes
594,911,1016,598,Yes
939,95,164,941,Yes
821,25,378,833,Yes
626,936,907,753,Yes
14,786,252,748,Yes
622,913,773,408,Yes
170,533,921,972,Yes
878,388,234,772,Yes
275,751,765,654,Yes
1015,974,212,889,Yes
916,955,387,44,Yes
323,752,1021,301,Yes
804,437,327,834,Yes
785,270,771,724,Yes
335,327,854,1015,Yes
39,943,726,635,Yes
947,1016,829,141,Yes
227,119,882,757,Yes
892,677,843,807,Yes
45,876,980,839,Yes
900,868,789,444,Yes
986,116,853,481,Yes
126,744,721,835,Yes
941,572,544,911,Yes
895,49,838,925,Yes
35,722,850,296,Yes
211,599,940,756,Yes
878,487,585,730,Yes
258,16,982,999,Yes
453,1023,992,554,Yes
587,607,743,765,Yes
952,816,498,267,Yes
816,773,896,814,Yes
740,112,690,764,Yes
669,216,903,964,Yes
360,249,791,735,Yes
932,39,870,1019,Yes
762,814,237,132,Yes
921,752,114,936,Yes
798,768,367,205,Yes
222,734,64,826,Yes
804,48,641,964,Yes
849,256,434,910,Yes
836,224,663,947,Yes
915,695,720,883,Yes
451,993,42,934,Yes
577,915,16,747,Yes
750,109,261,869,Yes
876,533,793,69,Yes
469,954,42,1000,Yes
378,854,72,869,Yes
352,331,1011,907,Yes
908,657,416,875,Yes
854,590,474,889,Yes
22,831,290,776,Yes
115,416,959,926,Yes
725,555,963,52,Yes
840,865,287,321,Yes
291,619,951,723,Yes
796,775,194,656,Yes
854,114,824,673,Yes
877,888,856,761,Yes
705,52,863,910,Yes
863,768,164,145,Yes
341,460,779,757,Yes
959,70,875,700,Yes
770,656,463,881,Yes
188,910,1015,613,Yes
762,808,7,714,Yes
765,311,654,970,Yes
389,31,836,745,Yes
722,727,922,632,Yes
803,321,326,891,Yes
769,991,578,239,Yes
413,119,769,830,Yes
734,994,913,1,Yes
122,727,995,550,Yes
996,640,88,991,Yes
1005,954,145,545,Yes
378,849,861,122,Yes
1013,180,724,1002,Yes
792,670,102,750,Yes
872,7,861,514,Yes
946,872,224,194,Yes
761,931,988,80,Yes
912,637,834,1014,Yes
980,739,35,970,Yes
78,980,914,794,Yes
723,138,559,733,Yes
436,793,175,995,Yes
727,811,609,24,Yes
758,345,997,24,Yes
462,29,1007,980,Yes
735,785,76,859,Yes
1000,535,751,569,Yes
783,249,924,840,Yes
685,198,973,989,Yes
955,746,51,475,Yes
991,330,730,104,Yes
674,649,902,833,Yes
792,860,916,30,Yes
368,977,456,780,Yes
844,425,448,765,Yes
549,946,874,748,Yes
881,328,848,954,Yes
376,792,1010,613,Yes
292,1016,96,977,Yes
953,803,740,828,Yes
306,925,910,590,Yes
731,127,1006,115,Yes
810,81,29,983,Yes
984,815,338,883,Yes
626,734,213,887,Yes
835,549,744,1,Yes
820,661,952,348,Yes
157,928,798,978,Yes
828,698,929,584,Yes
799,267,760,37,Yes
896,730,61,72,Yes
942,708,806,839,Yes
866,864,748,56,Yes
813,382,870,288,Yes
877,1013,50,393,Yes
750,434,833,121,Yes
942,284,444,797,Yes
805,736,377,249,Yes
845,141,743,483,Yes
3,651,818,823,Yes
960,506,75,777,Yes
736,372,910,48,Yes
830,846,69,501,Yes
279,831,471,985,Yes
749,111,767,656,Yes
1008,665,462,912,Yes
872,121,1002,505,Yes
1000,1013,907,217,Yes
975,383,966,106,Yes
563,974,692,738,Yes
872,881,195,463,Yes
961,44,933,1015,Yes
946,934,349,186,Yes
145,867,995,783,Yes
948,518,494,755,Yes
331,744,988,504,Yes
299,992,907,611,Yes
244,1012,1020,906,Yes
105,481,987,778,Yes
21,880,769,427,Yes
896,987,418,755,Yes
975,320,822,66,Yes
866,900,570,69,Yes
727,788,238,366,Yes
946,1007,417,867,Yes
39,870,964,342,Yes
397,741,16,888,Yes
577,1014,978,241,Yes
740,941,571,615,Yes
872,749,866,789,Yes
872,32,212,986,Yes
261,202,800,828,Yes
509,849,915,471,Yes
62,912,718,764,Yes
183,206,1001,719,Yes
891,922,397,607,Yes
631,790,701,905,Yes
812,441,517,776,Yes
224,800,722,634,Yes
963,589,482,785,Yes
968,48,696,991,Yes
776,800,533,612,Yes
501,839,828,152,Yes
1012,734,435,308,Yes
207,647,948,821,Yes
747,878,983,816,Yes
18,529,758,911,Yes
674,668,1011,803,Yes
16,978,959,257,Yes
982,705,901,423,Yes
738,460,989,287,Yes
980,411,968,127,Yes
720,956,734,232,Yes
287,730,920,966,Yes
430,904,508,807,Yes
398,1005,806,577,Yes
683,833,943,841,Yes
1016,900,18,995,Yes
138,153,938,720,Yes
400,489,907,763,Yes
611,996,518,1012,Yes
393,680,877,941,Yes
766,521,585,724,Yes
800,850,772,416,Yes
892,301,83,903,Yes
801,10,135,869,Yes
160,612,891,860,Yes
456,900,930,270,Yes
272,961,951,515,Yes
260,1008,569,783,Yes
798,931,177,159,Yes
131,351,1014,828,Yes
330,178,746,893,Yes
917,480,179,753,Yes
787,575,895,947,Yes
443,893,845,900,Yes
990,975,77,495,Yes
930,3,713,975,Yes
448,997,533,724,Yes
806,783,852,650,Yes
856,895,917,614,Yes
528,721,914,446,Yes
697,786,927,295,Yes
660,877,824,903,Yes
813,683,906,452,Yes
972,868,17,62,Yes
10,936,978,993,Yes
770,859,254,1014,Yes
793,484,100,963,Yes
757,355,848,389,Yes
148,751,587,728,Yes
393,207,993,875,Yes
906,798,657,276,Yes
246,995,82,947,Yes
790,134,733,367,Yes
10,892,445,754,Yes
773,700,742,26,Yes
392,952,980,732,Yes
976,770,524,367,Yes
997,744,509,443,Yes
952,922,627,75,Yes
909,952,578,594,Yes
641,751,825,81,Yes
1020,837,606,775,Yes
975,973,913,91,Yes
867,929,459,295,Yes
345,963,653,981,Yes
872,856,654,748,Yes
903,926,239,25,Yes
1015,525,351,848,Yes
946,766,217,383,Yes
685,708,817,992,Yes
591,997,1013,621,Yes
739,1018,829,175,Yes
979,202,815,360,Yes
974,373,962,301,Yes
834,762,642,1020,Yes
788,588,887,926,Yes
748,573,78,868,Yes
979,8,553,778,Yes
989,153,990,130,Yes
907,900,833,323,Yes
202,799,741,662,Yes
224,730,851,672,Yes
863,373,587,767,Yes
204,836,732,928,Yes
794,223,759,29,Yes
1007,885,390,358,Yes
855,1008,945,672,Yes
729,262,687,1023,Yes
802,956,141,431,Yes
825,307,86,952,Yes
646,855,629,792,Yes
308,936,726,348,Yes
831,680,843,356,Yes
328,30,863,1016,Yes
531,472,898,913,Yes
132,764,119,778,Yes
331,990,998,858,Yes
831,172,645,768,Yes
381,842,822,822,Yes
911,69,820,259,Yes
743,423,914,815,Yes
721,355,745,612,Yes
550,839,408,722,Yes
280,970,929,140,Yes
273,968,335,871,Yes
1022,590,873,657,Yes
909,555,796,1009,Yes
777,208,754,967,Yes
651,37,773,734,Yes
634,742,119,737,Yes
765,656,1009,674,Yes
920,1017,425,483,Yes
916,31,917,728,Yes
888,563,320,933,Yes
590,1007,146,734,Yes
780,895,188,490,Yes
964,674,1003,416,Yes
174,738,925,885,Yes
791,802,596,522,Yes
98,797,974,44,Yes
615,554,737,909,Yes
802,834,318,245,Yes
340,390,980,764,Yes
999,661,271,743,Yes
405,1020,898,551,Yes
803,1015,690,670,Yes
389,997,960,449,Yes
139,735,985,370,Yes
692,854,35,833,Yes
733,728,53,852,Yes
721,788,1017,733,Yes
879,843,529,365,Yes
792,994,844,512,Yes
839,956,927,715,Yes
1020,665,855,764,Yes
757,982,105,567,Yes
777,166,763,812,Yes
245,829,25,725,Yes
577,213,830,751,Yes
144,17,747,999,Yes
738,68,437,876,Yes
827,864,241,833,Yes
128,211,44,439,No
543,917,77,511,No
397,322,33,422,No
157,488,249,670,No
621,840,40,203,No
130,321,22,146,No
279,1016,417,300,No
855,427,558,191,No
545,960,234,609,No
985,326,249,294,No
717,423,710,665,No
491,94,257,992,No
23,501,56,164,No
990,342,243,341,No
493,785,159,401,No
657,143,711,11,No
2,714,368,93,No
104,335,159,937,No
484,396,751,226,No
130,481,351,144,No
344,860,591,355,No
881,437,49,353,No
108,541,307,458,No
728,296,669,440,No
510,671,935,240,No
565,45,623,526,No
404,36,142,783,No
307,944,10,709,No
683,180,741,243,No
267,799,592,612,No
166,302,902,132,No
603,519,950,225,No
276,627,770,423,No
364,407,153,594,No
319,668,246,676,No
932,715,708,561,No
249,444,479,82,No
468,628,701,703,No
253,83,654,822,No
558,166,847,459,No
416,738,465,305,No
228,484,657,381,No
1009,147,637,283,No
652,118,474,963,No
36,371,182,179,No
885,497,114,6,No
419,998,422,349,No
662,550,417,42,No
558,37,525,581,No
369,658,402,208,No
28,443,477,671,No
531,469,139,73,No
231,506,706,228,No
760,645,298,223,No
952,6,430,47,No
577,531,604,678,No
564,531,646,558,No
305,380,450,438,No
855,531,172,231,No
397,961,511,596,No
896,96,74,269,No
838,633,370,302,No
976,242,161,76,No
146,635,683,236,No
649,336,265,324,No
347,710,381,618,No
264,87,506,825,No
108,294,256,119,No
524,339,52,96,No
605,494,985,155,No
139,805,224,391,No
550,720,634,52,No
955,73,542,533,No
119,391,635,375,No
765,437,706,105,No
633,48,535,254,No
318,529,197,750,No
605,164,923,669,No
537,782,532,431,No
360,355,125,432,No
145,744,423,111,No
876,346,285,11,No
523,557,495,109,No
295,141,862,602,No
416,300,434,849,No
114,287,179,971,No
606,147,15,511,No
624,64,772,213,No
824,476,9,478,No
115,464,1013,471,No
841,490,96,444,No
59,517,358,281,No
484,747,594,202,No
564,409,830,680,No
449,539,960,280,No
177,570,513,527,No
96,862,15,293,No
649,672,517,948,No
401,678,246,375,No
959,208,508,669,No
502,172,186,376,No
311,577,771,564,No
536,723,506,522,No
220,654,485,875,No
312,19,363,385,No
365,96,186,175,No
92,245,507,124,No
55,689,479,580,No
318,393,194,230,No
794,240,270,379,No
961,105,326,327,No
673,844,580,706,No
482,536,671,609,No
330,8,899,131,No
479,313,449,843,No
497,468,301,224,No
300,525,126,877,No
339,337,583,635,No
79,45,559,862,No
642,270,237,390,No
872,437,209,100,No
79,889,599,615,No
280,298,907,75,No
609,608,653,1018,No
477,116,538,697,No
360,861,644,632,No
810,366,460,665,No
631,661,1014,446,No
620,285,894,418,No
552,592,668,622,No
183,357,457,786,No
254,158,12,528,No
659,625,252,191,No
114,641,56,623,No
229,74,674,796,No
190,325,986,298,No
810,522,470,476,No
566,566,313,215,No
257,574,473,638,No
247,787,203,655,No
594,434,919,132,No
650,204,61,215,No
271,789,315,57,No
963,306,63,435,No
856,100,176,32,No
712,98,929,665,No
829,404,703,695,No
283,428,589,593,No
75,468,918,630,No
627,317,142,60,No
288,634,407,172,No
1006,581,522,218,No
293,321,762,654,No
526,213,71,1007,No
829,496,667,671,No
774,683,411,533,No
467,775,87,413,No
555,682,475,13,No
565,486,784,503,No
6,679,135,608,No
152,76,511,933,No
691,638,491,508,No
687,48,744,72,No
505,945,538,273,No
552,297,471,546,No
356,683,841,111,No
223,182,638,758,No
464,322,588,217,No
461,480,475,66,No
367,874,167,662,No
409,120,378,539,No
739,656,72,306,No
191,193,936,185,No
147,314,994,375,No
1021,169,140,297,No
655,284,801,229,No
716,582,816,620,No
690,100,628,313,No
14,87,86,326,No
67,22,291,632,No
674,859,357,198,No
844,590,501,90,No
734,434,470,310,No
260,993,567,355,No
498,715,845,394,No
361,152,49,86,No
647,238,612,469,No
511,642,364,83,No
19,300,589,987,No
117,618,217,74,No
550,103,537,391,No
51,91,18,709,No
17,142,714,841,No
991,633,394,533,No
430,454,360,133,No
563,704,621,173,No
360,892,498,49,No
682,64,750,527,No
1,378,709,991,No
19,52,759,673,No
437,194,271,364,No
119,386,528,681,No
617,188,231,929,No
565,254,567,782,No
576,157,69,443,No
758,225,603,91,No
195,642,345,122,No
543,765,49,304,No
693,504,174,913,No
574,252,347,229,No
390,569,25,450,No
311,1010,603,158,No
282,653,482,451,No
163,164,848,12,No
629,353,360,258,No
1019,465,77,273,No
69,613,911,278,No
344,165,672,202,No
321,322,905,492,No
371,823,78,358,No
578,165,369,215,No
751,701,457,293,No
14,419,733,254,No
319,513,321,190,No
437,505,619,767,No
637,314,626,420,No
92,358,648,160,No
503,524,866,393,No
482,108,314,917,No
301,18,258,731,No
506,1023,714,453,No
989,76,304,478,No
342,306,623,120,No
115,261,980,639,No
280,665,122,133,No
758,565,77,527,No
123,352,313,30,No
54,418,255,460,No
72,73,447,906,No
665,143,592,501,No
117,529,405,972,No
110,701,153,763,No
602,502,333,181,No
47,206,806,593,No
288,284,629,63,No
901,715,692,396,No
204,784,318,273,No
191,815,77,144,No
25,84,497,864,No
298,37,614,993,No
524,679,285,498,No
430,614,374,712,No
441,28,474,245,No
567,705,938,221,No
83,674,118,635,No
50,591,119,628,No
223,941,315,457,No
963,608,456,366,No
695,98,333,872,No
102,216,627,615,No
422,801,141,45,No
211,674,225,566,No
676,16,760,671,No
682,177,628,631,No
519,70,474,641,No
245,360,991,664,No
1016,708,265,410,No
373,307,302,203,No
721,584,454,410,No
534,34,866,714,No
695,825,492,387,No
70,74,412,950,No
873,402,570,310,No
145,617,767,375,No
554,917,251,526,No
231,391,314,571,No
200,93,832,323,No
117,229,497,964,No
58,770,681,171,No
407,983,520,415,No
686,280,828,542,No
958,281,403,686,No
522,361,313,323,No
690,230,929,598,No
779,62,586,490,No
803,148,211,196,No
776,163,709,479,No
470,257,379,969,No
419,114,569,751,No
72,273,812,245,No
8,611,433,110,No
418,861,133,58,No
975,227,109,340,No
440,20,621,598,No
192,408,463,29,No
107,71,447,210,No
199,757,218,32,No
778,442,696,385,No
160,753,407,653,No
956,270,564,323,No
558,725,483,57,No
331,172,318,242,No
577,528,1004,540,No
228,428,736,99,No
976,242,418,581,No
1,461,506,831,No
763,311,246,65,No
355,100,111,843,No
248,46,302,196,No
461,777,465,133,No
319,757,117,416,No
585,933,327,615,No
630,743,196,605,No
283,910,58,29,No
323,664,477,104,No
248,1018,126,227,No
170,45,30,87,No
47,184,144,914,No
669,675,129,105,No
55,825,438,317,No
571,205,706,25,No
519,836,512,351,No
507,370,74,729,No
267,815,556,109,No
544,981,15,432,No
663,901,485,214,No
432,272,529,247,No
419,656,677,27,No
234,547,198,1003,No
592,719,584,302,No
490,838,55,278,No
998,4,586,616,No
137,184,810,220,No
248,788,273,587,No
896,210,112,689,No
619,705,578,578,No
455,495,573,6,No
384,967,499,84,No
441,60,574,466,No
421,480,650,90,No
466,693,912,702,No
417,111,314,923,No
482,623,102,112,No
913,609,284,309,No
534,323,993,501,No
560,695,809,222,No
98,840,355,0,No
211,819,582,155,No
232,486,79,338,No
162,1013,705,686,No
579,335,611,988,No
420,62,122,259,No
125,550,50,470,No
235,532,967,707,No
614,192,826,24,No
73,256,820,537,No
378,257,621,945,No
309,0,897,596,No
485,75,717,96,No
593,814,363,168,No
194,570,693,449,No
641,287,123,829,No
489,242,72,126,No
925,639,296,300,No
311,641,103,71,No
171,403,679,572,No
567,680,246,525,No
909,521,212,53,No
254,829,613,711,No
83,311,460,115,No
188,32,776,320,No
58,13,268,409,No
564,853,6,330,No
454,975,176,4,No
820,538,387,75,No
583,750,343,386,No
594,240,172,99,No
654,625,506,660,No
161,657,992,214,No
862,339,559,383,No
391,488,464,767,No
467,70,355,829,No
936,325,686,113,No
529,151,391,57,No
909,157,482,158,No
309,207,557,191,No
515,277,634,967,No
886,650,536,341,No
527,52,458,81,No
883,409,399,524,No
587,13,952,208,No
514,718,606,332,No
847,705,57,610,No
497,58,397,699,No
517,638,137,756,No
408,616,186,222,No
623,882,557,278,No
594,323,502,959,No
438,28,167,437,No
405,361,557,439,No
593,200,200,462,No
475,218,496,765,No
150,365,685,665,No
553,391,601,508,No
280,9,180,919,No
314,434,635,538,No
373,986,79,554,No
197,701,692,235,No
204,628,186,391,No
700,604,668,921,No
12,469,24,235,No
908,497,28,183,No
567,335,9,247,No
463,170,61,614,No
9,374,144,183,No
150,460,219,583,No
495,174,617,546,No
469,227,134,1011,No
952,644,566,423,No
648,438,897,577,No
336,447,272,604,No
526,533,182,826,No
249,155,399,682,No
263,428,90,940,No
359,366,703,329,No
455,576,443,565,No
118,474,579,524,No
729,586,65,574,No
328,993,408,494,No
194,150,755,636,No
15,606,927,177,No
442,491,352,461,No
330,691,543,369,No
434,498,337,727,No
285,252,270,381,No
366,70,96,531,No
366,629,65,243,No
994,8,420,270,No
597,799,188,667,No
885,185,195,219,No
678,784,646,326,No
439,239,996,374,No
240,382,760,132,No
935,129,495,200,No
640,394,507,171,No
448,119,929,381,No
612,743,398,621,No
287,329,62,438,No
486,284,608,911,No
125,578,792,687,No
865,601,300,361,No
490,519,156,983,No
102,517,651,87,No
225,700,21,1011,No
664,64,577,597,No
430,367,311,472,No
682,39,306,768,No
548,113,46,525,No
633,131,802,319,No
882,678,312,70,No
356,615,738,298,No
830,431,218,411,No
533,480,1010,143,No
119,54,464,429,No
643,981,101,172,No
666,234,225,608,No
109,323,39,25,No
966,560,533,441,No
918,616,253,308,No
174,594,1000,539,No
847,630,151,477,No
930,9,470,416,No
303,2,991,613,No
451,545,836,426,No
147,960,441,540,No
312,175,18,793,No
324,284,667,430,No
156,496,173,794,No
801,545,655,590,No
292,720,241,259,No
192,507,850,566,No
978,479,30,641,No
976,561,323,388,No
656,668,739,102,No
446,655,513,282,No
989,223,34,392,No
989,437,699,297,No
313,645,435,627,No
713,253,19,687,No
649,950,44,231,No
136,166,716,361,No
542,13,319,148,No
318,503,937,664,No
224,529,493,848,No
619,150,465,463,No
494,514,717,407,No
192,99,822,273,No
508,110,697,509,No
249,803,696,295,No
782,626,134,98,No
107,690,560,576,No
726,408,614,215,No
257,801,392,90,No
651,582,176,991,No
809,318,35,638,No
390,884,378,171,No
553,851,640,60,No
186,612,915,17,No
632,141,613,67,No
677,784,478,438,No
448,44,12,25,No
738,64,542,93,No
248,699,190,611,No
576,187,581,294,No
915,576,170,194,No
103,544,213,145,No
15,289,102,239,No
154,1017,446,548,No
838,524,201,502,No
51,620,220,1001,No
499,802,506,534,No
698,130,353,730,No
469,70,706,696,No
945,124,154,304,No
548,442,617,862,No
513,189,228,606,No
134,132,478,483,No
902,462,297,508,No
675,714,192,268,No
267,116,315,552,No
502,570,500,137,No
448,592,628,715,No
2,289,786,631,No
805,91,309,549,No
667,650,127,132,No
89,669,201,334,No
671,18,755,409,No
523,418,388,338,No
786,684,51,665,No
460,15,29,428,No
929,270,270,131,No
364,558,533,441,No
256,836,481,102,No
331,85,470,329,No
464,856,638,236,No
478,871,667,148,No
204,699,829,190,No
112,968,483,700,No
338,237,601,599,No
122,723,612,648,No
388,500,241,551,No
230,43,85,653,No
589,263,568,515,No
415,540,445,149,No
315,658,194,13,No
112,647,196,94,No
997,437,58,407,No
690,412,410,447,No
707,1014,397,29,No
703,713,764,666,No
104,755,314,180,No
45,327,651,646,No
1005,535,501,617,No
670,358,984,446,No
401,197,360,260,No
827,380,326,26,No
137,955,289,241,No
247,820,566,238,No
490,877,426,394,No
965,105,545,446,No
301,12,546,382,No
593,353,886,672,No
483,74,370,608,No
544,504,119,480,No
523,307,125,617,No
712,182,373,998,No
9,23,302,278,No
382,276,295,489,No
572,245,463,240,No
1016,359,603,361,No
150,624,728,219,No
381,466,321,729,No
273,237,889,470,No
3,308,373,556,No
143,78,74,543,No
263,302,847,16,No
194,546,203,442,No
168,136,315,400,No
395,750,608,382,No
191,521,386,226,No
249,248,853,493,No
518,381,721,683,No
210,239,207,117,No
274,179,95,932,No
757,407,296,142,No
299,436,402,1021,No
916,576,46,320,No
436,660,0,165,No
566,341,376,401,No
692,996,52,184,No
398,853,37,252,No
315,421,1003,158,No
108,397,883,260,No
601,129,802,372,No
568,208,972,158,No
364,801,445,612,No
243,333,86,843,No
268,526,550,458,No
560,298,711,379,No
706,279,627,578,No
747,611,215,212,No
19,435,90,76,No
1019,16,594,348,No
784,564,515,534,No
389,544,335,347,No
565,688,885,402,No
127,674,89,229,No
100,667,773,655,No
234,794,81,467,No
817,156,147,603,No
107,915,342,679,No
162,350,1006,100,No
572,972,66,213,No
456,298,493,184,No
925,111,529,351,No
374,229,447,268,No
524,493,209,1014,No
54,1004,327,284,No
248,330,370,900,No
701,220,631,274,No
719,448,669,696,No
586,646,782,586,No
420,880,272,668,No
685,331,585,276,No
600,46,67,27,No
444,617,142,329,No
130,71,67,904,No
499,746,442,636,No
598,492,336,650,No
671,146,152,691,No
1014,416,215,573,No
260,324,1014,239,No
46,599,343,205,No
510,617,20,119,No
567,422,989,305,No
982,84,28,275,No
68,686,488,743,No
1018,94,3,670,No
650,867,77,247,No
469,541,886,604,No
406,558,523,588,No
201,89,883,183,No
326,567,701,293,No
434,659,374,809,No
595,579,856,24,No
676,607,601,280,No
876,83,288,274,No
314,27,325,909,No
850,0,184,335,No
527,423,357,234,No
364,183,290,66,No
93,941,137,594,No
78,641,585,321,No
448,121,559,82,No
16,209,201,24,No
30,646,361,570,No
197,71,253,932,No
315,60,508,602,No
395,412,90,137,No
925,494,205,44,No
139,63,613,119,No
39,6,1022,539,No
846,390,483,540,No
437,477,196,255,No
490,407,54,567,No
410,173,213,609,No
572,380,400,132,No
619,73,738,31,No
944,489,148,474,No
770,515,638,430,No
670,927,128,335,No
519,457,791,359,No
112,18,258,635,No
516,790,610,138,No
612,761,569,98,No
807,224,276,241,No
509,590,768,470,No
30,322,652,754,No
654,607,693,408,No
175,278,436,174,No
179,358,183,597,No
278,435,225,742,No
712,176,126,841,No
272,430,562,330,No
645,684,640,47,No
294,677,674,531,No
712,891,469,210,No
234,200,187,201,No
74,35,633,607,No
113,815,241,448,No
470,535,668,340,No
953,485,203,420,No
563,919,592,155,No
461,18,160,293,No
353,336,693,816,No
255,36,389,855,No
187,674,516,58,No
999,316,44,142,No
288,991,19,572,No
394,473,625,633,No
134,987,227,165,No
335,377,907,454,No
491,307,607,243,No
276,575,379,942,No
147,525,791,392,No
104,196,309,367,No
76,47,428,149,No
201,442,213,60,No
187,592,960,9,No
435,962,276,708,No
77,262,371,192,No
685,409,66,744,No
968,351,289,71,No
451,495,547,93,No
143,783,619,533,No
373,167,44,50,No
68,629,874,491,No
149,729,120,711,No
361,646,558,23,No
797,200,3,528,No
210,439,574,17,No
533,947,629,227,No
70,969,459,546,No
698,630,1007,104,No
8,848,426,687,No
642,235,602,163,No
702,160,778,580,No
209,458,441,238,No
267,792,699,519,No
639,109,176,786,No
910,25,136,97,No
987,565,327,150,No
265,303,856,226,No
790,661,356,15,No
920,301,7,194,No
502,687,806,204,No
568,247,407,654,No
460,327,902,365,No
519,251,113,58,No
514,710,457,931,No
822,618,496,214,No
860,295,408,142,No
401,607,550,413,No
455,154,498,209,No
200,524,950,35,No
674,26,452,825,No
335,344,679,300,No
275,136,66,451,No
534,529,62,154,No
691,577,693,196,No
323,581,445,807,No
87,153,994,89,No
654,793,20,676,No
631,503,347,1017,No
619,922,208,411,No
617,875,650,111,No
466,620,867,324,No
338,145,286,97,No
505,367,878,6,No
255,358,246,1014,No
612,605,401,803,No
764,126,624,192,No
26,291,691,367,No
916,219,202,508,No
314,456,229,158,No
45,624,614,428,No
487,774,637,706,No
241,69,540,422,No
601,748,113,291,No
684,181,986,21,No
324,481,105,805,No
257,643,634,466,No
159,567,46,137,No
44,289,741,347,No
723,500,224,20,No
201,973,24,651,No
93,282,494,870,No
226,292,769,519,No
557,727,419,402,No
474,404,525,928,No
318,937,514,679,No
337,284,690,444,No
330,466,910,105,No
4,986,668,626,No
41,513,351,36,No
420,87,331,848,No
405,679,147,217,No
315,722,469,128,No
494,386,451,259,No
278,20,95,662,No
171,275,691,985,No
494,678,450,1011,No
37,121,25,260,No
389,633,371,61,No
182,54,11,1004,No
961,696,146,447,No
213,290,176,491,No
834,187,158,323,No
460,631,68,42,No
625,77,619,135,No
891,234,162,461,No
322,803,548,675,No
279,353,285,799,No
79,327,79,433,No
235,520,334,165,No
640,619,482,242,No
477,224,411,594,No
789,193,138,6,No
20,2,34,70,No
663,620,257,198,No
70,307,858,490,No
301,629,384,148,No
237,687,490,122,No
323,148,610,366,No
574,429,669,507,No
133,112,620,709,No
937,366,417,363,No
906,101,591,622,No
4,612,594,511,No
590,952,0,155,No
168,205,621,794,No
90,43,26,786,No
396,895,134,239,No
173,549,58,671,No
901,347,521,296,No
533,431,379,341,No
857,540,160,705,No
266,732,52,689,No
581,698,717,656,No
693,686,556,904,No
478,677,864,617,No
543,695,543,89,No
1,154,121,656,No
374,816,638,673,No
441,356,73,911,No
701,242,44,985,No
984,118,286,659,No
235,369,489,153,No
791,429,529,196,No
167,19,916,664,No
136,20,890,40,No
478,584,81,209,No
903,606,548,119,No
138,522,942,434,No
966,166,523,549,No
886,247,19,322,No
467,334,52,341,No
568,502,857,638,No
406,968,600,513,No
409,609,259,134,No
153,509,470,28,No
394,292,741,404,No
262,493,257,703,No
772,257,401,355,No
26,570,288,73,No
14,472,612,68,No
560,5,150,533,No
659,122,112,433,No
604,549,931,629,No
129,44,798,252,No
622,787,449,603,No
786,268,176,163,No
30,705,342,99,No
1014,514,107,421,No
518,399,364,867,No
90,121,837,48,No
701,361,219,940,No
261,7,300,118,No
421,348,994,227,No
183,669,750,181,No
187,657,885,226,No
615,221,117,790,No
557,411,418,639,No
869,73,392,338,No
799,559,475,261,No
343,126,430,374,No
283,455,621,1013,No
227,475,175,937,No
680,263,697,909,No
92,39,341,548,No
373,263,160,983,No
117,910,93,310,No
882,577,57,384,No
745,340,543,10,No
681,246,474,770,No
90,687,740,552,No
198,986,123,400,No
269,479,174,618,No
270,684,726,83,No
163,746,15,600,No
3,110,328,723,No
361,764,290,538,No
292,69,683,285,No
307,551,606,966,No
659,248,879,120,No
356,991,77,703,No
59,571,745,507,No
1010,432,522,426,No
495,509,623,38,No
296,693,551,317,No
643,800,388,588,No
1,674,73,23,No
653,476,413,588,No
686,526,871,572,No
79,145,862,173,No
333,289,109,926,No
150,858,175,284,No
855,668,349,602,No
470,774,647,529,No
60,498,824,389,No
307,706,748,58,No
494,18,101,926,No
246,269,984,17,No
618,669,789,210,No
207,323,1006,616,No
709,254,299,557,No
133,1004,44,474,No
537,550,549,205,No
342,331,4,767,No
3,36,34,703,No
66,632,262,803,No
573,1001,535,413,No
570,132,100,856,No
476,722,118,111,No
303,46,639,869,No
706,575,239,532,No
635,65,838,708,No
95,295,49,884,No
397,429,991,206,No
1014,451,573,401,No
322,327,794,19,No
468,432,1005,263,No
590,618,465,279,No
121,527,149,607,No
70,672,892,154,No
334,864,630,327,No
252,312,1,45,No
425,83,670,803,No
620,350,678,983,No
215,295,461,375,No
647,605,276,340,No
205,284,618,114,No
416,339,788,248,No
172,190,382,3,No
305,774,137,33,No
678,95,37,836,No
267,255,110,189,No
176,92,953,694,No
645,939,19,41,No
325,360,208,249,No
503,894,614,606,No
0,220,599,655,No
675,357,836,26,No
445,415,205,456,No
239,481,323,670,No
875,541,181,700,No
140,723,681,14,No
20,921,454,195,No
549,361,54,837,No
477,461,278,206,No
480,181,31,874,No
294,464,801,310,No
847,195,591,283,No
781,157,230,624,No
556,728,177,310,No
144,430,557,171,No
108,362,730,629,No
159,969,335,204,No
664,161,51,208,No
302,549,277,589,No
325,130,276,210,No
994,52,478,595,No
467,474,995,162,No
208,366,736,593,No
551,638,745,114,No
204,783,561,240,No
486,453,233,908,No
211,20,477,38,No
1015,122,701,141,No
683,200,727,360,No
518,697,983,228,No
27,744,129,216,No
851,113,648,628,No
388,485,937,271,No
347,66,606,560,No
591,598,29,839,No
282,287,959,660,No
753,651,111,657,No
521,406,323,392,No
559,826,590,200,No
